Mean,Standard deviation,Median,Columns
5.8483221476510066,1.4210854715202004e-14,6.6,sepal.length
3.0543624161073826,6.661338147750939e-15,3.0,sepal.width
3.773825503355704,7.016609515630989e-14,4.4,petal.length
1.2060402684563758,6.128431095930864e-14,1.4,petal.width
